,IMG Name,Text,Type
0,Data/barImg/bar_img_0,115626400747,Barcode
1,Data/barImg/bar_img_1,133879421873,Barcode
2,Data/barImg/bar_img_2,811615805172,Barcode
3,Data/barImg/bar_img_3,010871533751,Barcode
4,Data/barImg/bar_img_4,647888748276,Barcode
5,Data/barImg/bar_img_5,088843284111,Barcode
6,Data/barImg/bar_img_6,781889073911,Barcode
7,Data/barImg/bar_img_7,217198876724,Barcode
8,Data/barImg/bar_img_8,549457518410,Barcode
9,Data/barImg/bar_img_9,295666598290,Barcode
10,Data/barImg/bar_img_10,110144346781,Barcode
11,Data/barImg/bar_img_11,850973459521,Barcode
12,Data/barImg/bar_img_12,681048439876,Barcode
13,Data/barImg/bar_img_13,968065486540,Barcode
14,Data/barImg/bar_img_14,809688135762,Barcode
15,Data/barImg/bar_img_15,834906782328,Barcode
16,Data/barImg/bar_img_16,947366045570,Barcode
17,Data/barImg/bar_img_17,948391469047,Barcode
18,Data/barImg/bar_img_18,002517285425,Barcode
19,Data/barImg/bar_img_19,799541168307,Barcode
20,Data/barImg/bar_img_20,850416781020,Barcode
21,Data/barImg/bar_img_21,716107880143,Barcode
22,Data/barImg/bar_img_22,345022163979,Barcode
23,Data/barImg/bar_img_23,748379315659,Barcode
24,Data/barImg/bar_img_24,277296153877,Barcode
25,Data/barImg/bar_img_25,447153521697,Barcode
26,Data/barImg/bar_img_26,106654403022,Barcode
27,Data/barImg/bar_img_27,451342518651,Barcode
28,Data/barImg/bar_img_28,079397096670,Barcode
29,Data/barImg/bar_img_29,717441123758,Barcode
30,Data/barImg/bar_img_30,231131431698,Barcode
31,Data/barImg/bar_img_31,481482369264,Barcode
32,Data/barImg/bar_img_32,386910685920,Barcode
33,Data/barImg/bar_img_33,464330250278,Barcode
34,Data/barImg/bar_img_34,930663451590,Barcode
35,Data/barImg/bar_img_35,876111710730,Barcode
36,Data/barImg/bar_img_36,169906066120,Barcode
37,Data/barImg/bar_img_37,199994697854,Barcode
38,Data/barImg/bar_img_38,829939306639,Barcode
39,Data/barImg/bar_img_39,599115717420,Barcode
40,Data/barImg/bar_img_40,082339847849,Barcode
41,Data/barImg/bar_img_41,365181563925,Barcode
42,Data/barImg/bar_img_42,733776470546,Barcode
43,Data/barImg/bar_img_43,999329772234,Barcode
44,Data/barImg/bar_img_44,540683356771,Barcode
45,Data/barImg/bar_img_45,438534729010,Barcode
46,Data/barImg/bar_img_46,512867627635,Barcode
47,Data/barImg/bar_img_47,134521446187,Barcode
48,Data/barImg/bar_img_48,921038397987,Barcode
49,Data/barImg/bar_img_49,081934922525,Barcode
50,Data/barImg/bar_img_50,299640248341,Barcode
51,Data/barImg/bar_img_51,854795399588,Barcode
52,Data/barImg/bar_img_52,618132897437,Barcode
53,Data/barImg/bar_img_53,502471742073,Barcode
54,Data/barImg/bar_img_54,830387196688,Barcode
55,Data/barImg/bar_img_55,460799914442,Barcode
56,Data/barImg/bar_img_56,726913677663,Barcode
57,Data/barImg/bar_img_57,637723823735,Barcode
58,Data/barImg/bar_img_58,138990840306,Barcode
59,Data/barImg/bar_img_59,747282989513,Barcode
60,Data/barImg/bar_img_60,236085008420,Barcode
61,Data/barImg/bar_img_61,312192401737,Barcode
62,Data/barImg/bar_img_62,140100975048,Barcode
63,Data/barImg/bar_img_63,449354260264,Barcode
64,Data/barImg/bar_img_64,155836287810,Barcode
65,Data/barImg/bar_img_65,592175073968,Barcode
66,Data/barImg/bar_img_66,331404115799,Barcode
67,Data/barImg/bar_img_67,750939023400,Barcode
68,Data/barImg/bar_img_68,699962040615,Barcode
69,Data/barImg/bar_img_69,741965924165,Barcode
70,Data/barImg/bar_img_70,416150788223,Barcode
71,Data/barImg/bar_img_71,489893340996,Barcode
72,Data/barImg/bar_img_72,717344066187,Barcode
73,Data/barImg/bar_img_73,954527075871,Barcode
74,Data/barImg/bar_img_74,041051302284,Barcode
75,Data/barImg/bar_img_75,161629917308,Barcode
76,Data/barImg/bar_img_76,279658577146,Barcode
77,Data/barImg/bar_img_77,245558254322,Barcode
78,Data/barImg/bar_img_78,753330521292,Barcode
79,Data/barImg/bar_img_79,702913193644,Barcode
80,Data/barImg/bar_img_80,563128483765,Barcode
81,Data/barImg/bar_img_81,759382066099,Barcode
82,Data/barImg/bar_img_82,504766456165,Barcode
83,Data/barImg/bar_img_83,153484029685,Barcode
84,Data/barImg/bar_img_84,005887109346,Barcode
85,Data/barImg/bar_img_85,474701067554,Barcode
86,Data/barImg/bar_img_86,075988134546,Barcode
87,Data/barImg/bar_img_87,805218624804,Barcode
88,Data/barImg/bar_img_88,493538560667,Barcode
89,Data/barImg/bar_img_89,214348335646,Barcode
90,Data/barImg/bar_img_90,637124916705,Barcode
91,Data/barImg/bar_img_91,706346539309,Barcode
92,Data/barImg/bar_img_92,301379051327,Barcode
93,Data/barImg/bar_img_93,188727642674,Barcode
94,Data/barImg/bar_img_94,572458021988,Barcode
95,Data/barImg/bar_img_95,387864711294,Barcode
96,Data/barImg/bar_img_96,537327063769,Barcode
97,Data/barImg/bar_img_97,207336928540,Barcode
98,Data/barImg/bar_img_98,135347583680,Barcode
99,Data/barImg/bar_img_99,147069010690,Barcode
100,Data/barImg/bar_img_100,218835915301,Barcode
101,Data/barImg/bar_img_101,960158247375,Barcode
102,Data/barImg/bar_img_102,792049145677,Barcode
103,Data/barImg/bar_img_103,549833249145,Barcode
104,Data/barImg/bar_img_104,622251824563,Barcode
105,Data/barImg/bar_img_105,748273024096,Barcode
106,Data/barImg/bar_img_106,659960661999,Barcode
107,Data/barImg/bar_img_107,105607541651,Barcode
108,Data/barImg/bar_img_108,995832521773,Barcode
109,Data/barImg/bar_img_109,895753710957,Barcode
110,Data/barImg/bar_img_110,273644156705,Barcode
111,Data/barImg/bar_img_111,192143924389,Barcode
112,Data/barImg/bar_img_112,604866155843,Barcode
113,Data/barImg/bar_img_113,319218523071,Barcode
114,Data/barImg/bar_img_114,742239099895,Barcode
115,Data/barImg/bar_img_115,795864155520,Barcode
116,Data/barImg/bar_img_116,507436562670,Barcode
117,Data/barImg/bar_img_117,862481498423,Barcode
118,Data/barImg/bar_img_118,011700527743,Barcode
119,Data/barImg/bar_img_119,203174254892,Barcode
120,Data/barImg/bar_img_120,204538061991,Barcode
121,Data/barImg/bar_img_121,509763540267,Barcode
122,Data/barImg/bar_img_122,069308579802,Barcode
123,Data/barImg/bar_img_123,372565176851,Barcode
124,Data/barImg/bar_img_124,738547646787,Barcode
125,Data/barImg/bar_img_125,426512999071,Barcode
126,Data/barImg/bar_img_126,329095865363,Barcode
127,Data/barImg/bar_img_127,136310962814,Barcode
128,Data/barImg/bar_img_128,242604984739,Barcode
129,Data/barImg/bar_img_129,324063280413,Barcode
130,Data/barImg/bar_img_130,624670461396,Barcode
131,Data/barImg/bar_img_131,755814932843,Barcode
132,Data/barImg/bar_img_132,880783128998,Barcode
133,Data/barImg/bar_img_133,287937659270,Barcode
134,Data/barImg/bar_img_134,885826198410,Barcode
135,Data/barImg/bar_img_135,046661190754,Barcode
136,Data/barImg/bar_img_136,823181530230,Barcode
137,Data/barImg/bar_img_137,271782094336,Barcode
138,Data/barImg/bar_img_138,243517502794,Barcode
139,Data/barImg/bar_img_139,396853056558,Barcode
140,Data/barImg/bar_img_140,037481040145,Barcode
141,Data/barImg/bar_img_141,490663081034,Barcode
142,Data/barImg/bar_img_142,129544765955,Barcode
143,Data/barImg/bar_img_143,447773955797,Barcode
144,Data/barImg/bar_img_144,526511067382,Barcode
145,Data/barImg/bar_img_145,436337554878,Barcode
146,Data/barImg/bar_img_146,673449098203,Barcode
147,Data/barImg/bar_img_147,165989429156,Barcode
148,Data/barImg/bar_img_148,385069249396,Barcode
149,Data/barImg/bar_img_149,111541905097,Barcode
150,Data/barImg/bar_img_150,748207246844,Barcode
151,Data/barImg/bar_img_151,931099067308,Barcode
152,Data/barImg/bar_img_152,547586678704,Barcode
153,Data/barImg/bar_img_153,191768848246,Barcode
154,Data/barImg/bar_img_154,102826880820,Barcode
155,Data/barImg/bar_img_155,746987753374,Barcode
156,Data/barImg/bar_img_156,411628461220,Barcode
157,Data/barImg/bar_img_157,808583266287,Barcode
158,Data/barImg/bar_img_158,738698322866,Barcode
159,Data/barImg/bar_img_159,155748138894,Barcode
160,Data/barImg/bar_img_160,915043108723,Barcode
161,Data/barImg/bar_img_161,044507467358,Barcode
162,Data/barImg/bar_img_162,116573239003,Barcode
163,Data/barImg/bar_img_163,063743998309,Barcode
164,Data/barImg/bar_img_164,992690061733,Barcode
165,Data/barImg/bar_img_165,241188468999,Barcode
166,Data/barImg/bar_img_166,874816281211,Barcode
167,Data/barImg/bar_img_167,653950194538,Barcode
168,Data/barImg/bar_img_168,866318244766,Barcode
169,Data/barImg/bar_img_169,334073773378,Barcode
170,Data/barImg/bar_img_170,499342738429,Barcode
171,Data/barImg/bar_img_171,929896286579,Barcode
172,Data/barImg/bar_img_172,172345008621,Barcode
173,Data/barImg/bar_img_173,177845315856,Barcode
174,Data/barImg/bar_img_174,701693921093,Barcode
175,Data/barImg/bar_img_175,335201051164,Barcode
176,Data/barImg/bar_img_176,749290817221,Barcode
177,Data/barImg/bar_img_177,196434196897,Barcode
178,Data/barImg/bar_img_178,033564609398,Barcode
179,Data/barImg/bar_img_179,607379523319,Barcode
180,Data/barImg/bar_img_180,752527949662,Barcode
181,Data/barImg/bar_img_181,148477071655,Barcode
182,Data/barImg/bar_img_182,059595790512,Barcode
183,Data/barImg/bar_img_183,540158319332,Barcode
184,Data/barImg/bar_img_184,315706073564,Barcode
185,Data/barImg/bar_img_185,471454070811,Barcode
186,Data/barImg/bar_img_186,678878803324,Barcode
187,Data/barImg/bar_img_187,112568627959,Barcode
188,Data/barImg/bar_img_188,146430145261,Barcode
189,Data/barImg/bar_img_189,356524409451,Barcode
190,Data/barImg/bar_img_190,024455943258,Barcode
191,Data/barImg/bar_img_191,658472540407,Barcode
192,Data/barImg/bar_img_192,187786468841,Barcode
193,Data/barImg/bar_img_193,052161901820,Barcode
194,Data/barImg/bar_img_194,543038213655,Barcode
195,Data/barImg/bar_img_195,380648170726,Barcode
196,Data/barImg/bar_img_196,750055255828,Barcode
197,Data/barImg/bar_img_197,262332478860,Barcode
198,Data/barImg/bar_img_198,336683403013,Barcode
199,Data/barImg/bar_img_199,057858107707,Barcode
200,Data/barImg/bar_img_200,937832055687,Barcode
201,Data/barImg/bar_img_201,189147626239,Barcode
202,Data/barImg/bar_img_202,258585534880,Barcode
203,Data/barImg/bar_img_203,571490052410,Barcode
204,Data/barImg/bar_img_204,721125344556,Barcode
205,Data/barImg/bar_img_205,621792867861,Barcode
206,Data/barImg/bar_img_206,006323564747,Barcode
207,Data/barImg/bar_img_207,445384221749,Barcode
208,Data/barImg/bar_img_208,212126502048,Barcode
209,Data/barImg/bar_img_209,072823916026,Barcode
210,Data/barImg/bar_img_210,057044425845,Barcode
211,Data/barImg/bar_img_211,805444392801,Barcode
212,Data/barImg/bar_img_212,791837687114,Barcode
213,Data/barImg/bar_img_213,022221872311,Barcode
214,Data/barImg/bar_img_214,080936242965,Barcode
215,Data/barImg/bar_img_215,971311009485,Barcode
216,Data/barImg/bar_img_216,032734500329,Barcode
217,Data/barImg/bar_img_217,887053421251,Barcode
218,Data/barImg/bar_img_218,311825137317,Barcode
219,Data/barImg/bar_img_219,851962733929,Barcode
220,Data/barImg/bar_img_220,038481740339,Barcode
221,Data/barImg/bar_img_221,360652324206,Barcode
222,Data/barImg/bar_img_222,343490973173,Barcode
223,Data/barImg/bar_img_223,258527853646,Barcode
224,Data/barImg/bar_img_224,349326632395,Barcode
225,Data/barImg/bar_img_225,746310763469,Barcode
226,Data/barImg/bar_img_226,563902282101,Barcode
227,Data/barImg/bar_img_227,052373807427,Barcode
228,Data/barImg/bar_img_228,060704431420,Barcode
229,Data/barImg/bar_img_229,447440589208,Barcode
230,Data/barImg/bar_img_230,080051941164,Barcode
231,Data/barImg/bar_img_231,496295014044,Barcode
232,Data/barImg/bar_img_232,264048607577,Barcode
233,Data/barImg/bar_img_233,395069903801,Barcode
234,Data/barImg/bar_img_234,859460203036,Barcode
235,Data/barImg/bar_img_235,066112416633,Barcode
236,Data/barImg/bar_img_236,768370392197,Barcode
237,Data/barImg/bar_img_237,227623326983,Barcode
238,Data/barImg/bar_img_238,247895303397,Barcode
239,Data/barImg/bar_img_239,663951372940,Barcode
240,Data/barImg/bar_img_240,007675465062,Barcode
241,Data/barImg/bar_img_241,655878732755,Barcode
242,Data/barImg/bar_img_242,426455675756,Barcode
243,Data/barImg/bar_img_243,104987020032,Barcode
244,Data/barImg/bar_img_244,431332707761,Barcode
245,Data/barImg/bar_img_245,755164392380,Barcode
246,Data/barImg/bar_img_246,314429722157,Barcode
247,Data/barImg/bar_img_247,991825380657,Barcode
248,Data/barImg/bar_img_248,995052613140,Barcode
249,Data/barImg/bar_img_249,992241729794,Barcode
250,Data/barImg/bar_img_250,166654702999,Barcode
251,Data/barImg/bar_img_251,992494590798,Barcode
252,Data/barImg/bar_img_252,517601489209,Barcode
253,Data/barImg/bar_img_253,155361259463,Barcode
254,Data/barImg/bar_img_254,537825974456,Barcode
255,Data/barImg/bar_img_255,242342269461,Barcode
256,Data/barImg/bar_img_256,391511133592,Barcode
257,Data/barImg/bar_img_257,290413802235,Barcode
258,Data/barImg/bar_img_258,810342980991,Barcode
259,Data/barImg/bar_img_259,171713540116,Barcode
260,Data/barImg/bar_img_260,832972268163,Barcode
261,Data/barImg/bar_img_261,452717235763,Barcode
262,Data/barImg/bar_img_262,759399076993,Barcode
263,Data/barImg/bar_img_263,017218790160,Barcode
264,Data/barImg/bar_img_264,869698097088,Barcode
265,Data/barImg/bar_img_265,321585698587,Barcode
266,Data/barImg/bar_img_266,329699410730,Barcode
267,Data/barImg/bar_img_267,879758880913,Barcode
268,Data/barImg/bar_img_268,913388105924,Barcode
269,Data/barImg/bar_img_269,130932617435,Barcode
270,Data/barImg/bar_img_270,539084177876,Barcode
271,Data/barImg/bar_img_271,727875493116,Barcode
272,Data/barImg/bar_img_272,415799450945,Barcode
273,Data/barImg/bar_img_273,626068520901,Barcode
274,Data/barImg/bar_img_274,049146528036,Barcode
275,Data/barImg/bar_img_275,072839539804,Barcode
276,Data/barImg/bar_img_276,567686384755,Barcode
277,Data/barImg/bar_img_277,280157798507,Barcode
278,Data/barImg/bar_img_278,962643515171,Barcode
279,Data/barImg/bar_img_279,086820760111,Barcode
280,Data/barImg/bar_img_280,769829900748,Barcode
281,Data/barImg/bar_img_281,372546537792,Barcode
282,Data/barImg/bar_img_282,262890316726,Barcode
283,Data/barImg/bar_img_283,381225252772,Barcode
284,Data/barImg/bar_img_284,249438436839,Barcode
285,Data/barImg/bar_img_285,568739206113,Barcode
286,Data/barImg/bar_img_286,757121739562,Barcode
287,Data/barImg/bar_img_287,221985817428,Barcode
288,Data/barImg/bar_img_288,572071531596,Barcode
289,Data/barImg/bar_img_289,369850543170,Barcode
290,Data/barImg/bar_img_290,972106839642,Barcode
291,Data/barImg/bar_img_291,871265210103,Barcode
292,Data/barImg/bar_img_292,368718624441,Barcode
293,Data/barImg/bar_img_293,544610397405,Barcode
294,Data/barImg/bar_img_294,129407917798,Barcode
295,Data/barImg/bar_img_295,797066552122,Barcode
296,Data/barImg/bar_img_296,246552953667,Barcode
297,Data/barImg/bar_img_297,326883122828,Barcode
298,Data/barImg/bar_img_298,802673224165,Barcode
299,Data/barImg/bar_img_299,865058274337,Barcode
300,Data/barImg/bar_img_300,794247189955,Barcode
301,Data/barImg/bar_img_301,527241431883,Barcode
302,Data/barImg/bar_img_302,492035440420,Barcode
303,Data/barImg/bar_img_303,952337767554,Barcode
304,Data/barImg/bar_img_304,588231775499,Barcode
305,Data/barImg/bar_img_305,748292029219,Barcode
306,Data/barImg/bar_img_306,099304381615,Barcode
307,Data/barImg/bar_img_307,208134680128,Barcode
308,Data/barImg/bar_img_308,763686638967,Barcode
309,Data/barImg/bar_img_309,835365218797,Barcode
310,Data/barImg/bar_img_310,911464347045,Barcode
311,Data/barImg/bar_img_311,588285166112,Barcode
312,Data/barImg/bar_img_312,249541913666,Barcode
313,Data/barImg/bar_img_313,139428107951,Barcode
314,Data/barImg/bar_img_314,583412210266,Barcode
315,Data/barImg/bar_img_315,106042975956,Barcode
316,Data/barImg/bar_img_316,172256417102,Barcode
317,Data/barImg/bar_img_317,000421362920,Barcode
318,Data/barImg/bar_img_318,577945556358,Barcode
319,Data/barImg/bar_img_319,412448366288,Barcode
320,Data/barImg/bar_img_320,757273849265,Barcode
321,Data/barImg/bar_img_321,344431472768,Barcode
322,Data/barImg/bar_img_322,970059461026,Barcode
323,Data/barImg/bar_img_323,790894077081,Barcode
324,Data/barImg/bar_img_324,003698469462,Barcode
325,Data/barImg/bar_img_325,408152365060,Barcode
326,Data/barImg/bar_img_326,192600215673,Barcode
327,Data/barImg/bar_img_327,413651938140,Barcode
328,Data/barImg/bar_img_328,651709342387,Barcode
329,Data/barImg/bar_img_329,867760442618,Barcode
330,Data/barImg/bar_img_330,785038771922,Barcode
331,Data/barImg/bar_img_331,664138644583,Barcode
332,Data/barImg/bar_img_332,706322811241,Barcode
333,Data/barImg/bar_img_333,666264890466,Barcode
334,Data/barImg/bar_img_334,144317245467,Barcode
335,Data/barImg/bar_img_335,965178208268,Barcode
336,Data/barImg/bar_img_336,248256861769,Barcode
337,Data/barImg/bar_img_337,906434869845,Barcode
338,Data/barImg/bar_img_338,584873325689,Barcode
339,Data/barImg/bar_img_339,797056574659,Barcode
340,Data/barImg/bar_img_340,406746058900,Barcode
341,Data/barImg/bar_img_341,842064875396,Barcode
342,Data/barImg/bar_img_342,802576224354,Barcode
343,Data/barImg/bar_img_343,163991530381,Barcode
344,Data/barImg/bar_img_344,521380263986,Barcode
345,Data/barImg/bar_img_345,867304554828,Barcode
346,Data/barImg/bar_img_346,700873301173,Barcode
347,Data/barImg/bar_img_347,010213855533,Barcode
348,Data/barImg/bar_img_348,908816346539,Barcode
349,Data/barImg/bar_img_349,058992555169,Barcode
350,Data/barImg/bar_img_350,322711746439,Barcode
351,Data/barImg/bar_img_351,824622206492,Barcode
352,Data/barImg/bar_img_352,261127236118,Barcode
353,Data/barImg/bar_img_353,982528064513,Barcode
354,Data/barImg/bar_img_354,912576570430,Barcode
355,Data/barImg/bar_img_355,446535379003,Barcode
356,Data/barImg/bar_img_356,337682848513,Barcode
357,Data/barImg/bar_img_357,916353897770,Barcode
358,Data/barImg/bar_img_358,250368075811,Barcode
359,Data/barImg/bar_img_359,581705410512,Barcode
360,Data/barImg/bar_img_360,673057926010,Barcode
361,Data/barImg/bar_img_361,706759513345,Barcode
362,Data/barImg/bar_img_362,895628675438,Barcode
363,Data/barImg/bar_img_363,359034556845,Barcode
364,Data/barImg/bar_img_364,241369158471,Barcode
365,Data/barImg/bar_img_365,198406452378,Barcode
366,Data/barImg/bar_img_366,308612518402,Barcode
367,Data/barImg/bar_img_367,964671372847,Barcode
368,Data/barImg/bar_img_368,178908732718,Barcode
369,Data/barImg/bar_img_369,070885705482,Barcode
370,Data/barImg/bar_img_370,146830911432,Barcode
371,Data/barImg/bar_img_371,394333741926,Barcode
372,Data/barImg/bar_img_372,591504705294,Barcode
373,Data/barImg/bar_img_373,982844218834,Barcode
374,Data/barImg/bar_img_374,744197468509,Barcode
375,Data/barImg/bar_img_375,582290868782,Barcode
376,Data/barImg/bar_img_376,910606467610,Barcode
377,Data/barImg/bar_img_377,576638984022,Barcode
378,Data/barImg/bar_img_378,001219532897,Barcode
379,Data/barImg/bar_img_379,002196748473,Barcode
380,Data/barImg/bar_img_380,079300024143,Barcode
381,Data/barImg/bar_img_381,324228587638,Barcode
382,Data/barImg/bar_img_382,226589817279,Barcode
383,Data/barImg/bar_img_383,587715422963,Barcode
384,Data/barImg/bar_img_384,993200808512,Barcode
385,Data/barImg/bar_img_385,845165266649,Barcode
386,Data/barImg/bar_img_386,878392933342,Barcode
387,Data/barImg/bar_img_387,419201835030,Barcode
388,Data/barImg/bar_img_388,481437797437,Barcode
389,Data/barImg/bar_img_389,211068405646,Barcode
390,Data/barImg/bar_img_390,275605501243,Barcode
391,Data/barImg/bar_img_391,174897616805,Barcode
392,Data/barImg/bar_img_392,374578459531,Barcode
393,Data/barImg/bar_img_393,680811581866,Barcode
394,Data/barImg/bar_img_394,642951282231,Barcode
395,Data/barImg/bar_img_395,085813548838,Barcode
396,Data/barImg/bar_img_396,943798521298,Barcode
397,Data/barImg/bar_img_397,659719868772,Barcode
398,Data/barImg/bar_img_398,099938609140,Barcode
399,Data/barImg/bar_img_399,737279440166,Barcode
400,Data/barImg/bar_img_400,787656180322,Barcode
401,Data/barImg/bar_img_401,392296339762,Barcode
402,Data/barImg/bar_img_402,655784939837,Barcode
403,Data/barImg/bar_img_403,692397955649,Barcode
404,Data/barImg/bar_img_404,083607810858,Barcode
405,Data/barImg/bar_img_405,687252398178,Barcode
406,Data/barImg/bar_img_406,786937570297,Barcode
407,Data/barImg/bar_img_407,475767037270,Barcode
408,Data/barImg/bar_img_408,099092932223,Barcode
409,Data/barImg/bar_img_409,391212143413,Barcode
410,Data/barImg/bar_img_410,014624423636,Barcode
411,Data/barImg/bar_img_411,923577011970,Barcode
412,Data/barImg/bar_img_412,720372561771,Barcode
413,Data/barImg/bar_img_413,565069658485,Barcode
414,Data/barImg/bar_img_414,416320497207,Barcode
415,Data/barImg/bar_img_415,209171800202,Barcode
416,Data/barImg/bar_img_416,236135443363,Barcode
417,Data/barImg/bar_img_417,883382521021,Barcode
418,Data/barImg/bar_img_418,519475939303,Barcode
419,Data/barImg/bar_img_419,336207293637,Barcode
420,Data/barImg/bar_img_420,320169002938,Barcode
421,Data/barImg/bar_img_421,640828816390,Barcode
422,Data/barImg/bar_img_422,381789237233,Barcode
423,Data/barImg/bar_img_423,766594324613,Barcode
424,Data/barImg/bar_img_424,093004829838,Barcode
425,Data/barImg/bar_img_425,189700773004,Barcode
426,Data/barImg/bar_img_426,768782798430,Barcode
427,Data/barImg/bar_img_427,287290994142,Barcode
428,Data/barImg/bar_img_428,149380222250,Barcode
429,Data/barImg/bar_img_429,571782000495,Barcode
430,Data/barImg/bar_img_430,902453449096,Barcode
431,Data/barImg/bar_img_431,949006454785,Barcode
432,Data/barImg/bar_img_432,480299601210,Barcode
433,Data/barImg/bar_img_433,026736239627,Barcode
434,Data/barImg/bar_img_434,079676276921,Barcode
435,Data/barImg/bar_img_435,073971405495,Barcode
436,Data/barImg/bar_img_436,807555077879,Barcode
437,Data/barImg/bar_img_437,519794315284,Barcode
438,Data/barImg/bar_img_438,348482948611,Barcode
439,Data/barImg/bar_img_439,841544495531,Barcode
440,Data/barImg/bar_img_440,710681619085,Barcode
441,Data/barImg/bar_img_441,178960614193,Barcode
442,Data/barImg/bar_img_442,714502441105,Barcode
443,Data/barImg/bar_img_443,691997438010,Barcode
444,Data/barImg/bar_img_444,095014247130,Barcode
445,Data/barImg/bar_img_445,937662863892,Barcode
446,Data/barImg/bar_img_446,535800539732,Barcode
447,Data/barImg/bar_img_447,057571185961,Barcode
448,Data/barImg/bar_img_448,119136500028,Barcode
449,Data/barImg/bar_img_449,996436734289,Barcode
450,Data/barImg/bar_img_450,636943523444,Barcode
451,Data/barImg/bar_img_451,983051952305,Barcode
452,Data/barImg/bar_img_452,055347622012,Barcode
453,Data/barImg/bar_img_453,526294953780,Barcode
454,Data/barImg/bar_img_454,463463886515,Barcode
455,Data/barImg/bar_img_455,937943435395,Barcode
456,Data/barImg/bar_img_456,064056605927,Barcode
457,Data/barImg/bar_img_457,937357638954,Barcode
458,Data/barImg/bar_img_458,353702193685,Barcode
459,Data/barImg/bar_img_459,131957169058,Barcode
460,Data/barImg/bar_img_460,516614819756,Barcode
461,Data/barImg/bar_img_461,457145761921,Barcode
462,Data/barImg/bar_img_462,942386884084,Barcode
463,Data/barImg/bar_img_463,181697134310,Barcode
464,Data/barImg/bar_img_464,076046514466,Barcode
465,Data/barImg/bar_img_465,943778159605,Barcode
466,Data/barImg/bar_img_466,648926321662,Barcode
467,Data/barImg/bar_img_467,976148481309,Barcode
468,Data/barImg/bar_img_468,325612110950,Barcode
469,Data/barImg/bar_img_469,870517776410,Barcode
470,Data/barImg/bar_img_470,580725708582,Barcode
471,Data/barImg/bar_img_471,965309227783,Barcode
472,Data/barImg/bar_img_472,576740839321,Barcode
473,Data/barImg/bar_img_473,505065466143,Barcode
474,Data/barImg/bar_img_474,643662182107,Barcode
475,Data/barImg/bar_img_475,881708136975,Barcode
476,Data/barImg/bar_img_476,452187989068,Barcode
477,Data/barImg/bar_img_477,573071036455,Barcode
478,Data/barImg/bar_img_478,458158039316,Barcode
479,Data/barImg/bar_img_479,971976999719,Barcode
480,Data/barImg/bar_img_480,590341011632,Barcode
481,Data/barImg/bar_img_481,872370526544,Barcode
482,Data/barImg/bar_img_482,200305994563,Barcode
483,Data/barImg/bar_img_483,158900253100,Barcode
484,Data/barImg/bar_img_484,307356256953,Barcode
485,Data/barImg/bar_img_485,274834046317,Barcode
486,Data/barImg/bar_img_486,339116346446,Barcode
487,Data/barImg/bar_img_487,625986839280,Barcode
488,Data/barImg/bar_img_488,152944650943,Barcode
489,Data/barImg/bar_img_489,135746404110,Barcode
490,Data/barImg/bar_img_490,286456048096,Barcode
491,Data/barImg/bar_img_491,110693037853,Barcode
492,Data/barImg/bar_img_492,220150843438,Barcode
493,Data/barImg/bar_img_493,080307981372,Barcode
494,Data/barImg/bar_img_494,764531837506,Barcode
495,Data/barImg/bar_img_495,248757550671,Barcode
496,Data/barImg/bar_img_496,132777542868,Barcode
497,Data/barImg/bar_img_497,942925286561,Barcode
498,Data/barImg/bar_img_498,701601278966,Barcode
499,Data/barImg/bar_img_499,344047656340,Barcode
500,"['Data/qrImg/qr_img_0.png', 'Data/qrImg/qr_img_1.png', 'Data/qrImg/qr_img_2.png', 'Data/qrImg/qr_img_3.png', 'Data/qrImg/qr_img_4.png', 'Data/qrImg/qr_img_5.png', 'Data/qrImg/qr_img_6.png', 'Data/qrImg/qr_img_7.png', 'Data/qrImg/qr_img_8.png', 'Data/qrImg/qr_img_9.png', 'Data/qrImg/qr_img_10.png', 'Data/qrImg/qr_img_11.png', 'Data/qrImg/qr_img_12.png', 'Data/qrImg/qr_img_13.png', 'Data/qrImg/qr_img_14.png', 'Data/qrImg/qr_img_15.png', 'Data/qrImg/qr_img_16.png', 'Data/qrImg/qr_img_17.png', 'Data/qrImg/qr_img_18.png', 'Data/qrImg/qr_img_19.png', 'Data/qrImg/qr_img_20.png', 'Data/qrImg/qr_img_21.png', 'Data/qrImg/qr_img_22.png', 'Data/qrImg/qr_img_23.png', 'Data/qrImg/qr_img_24.png', 'Data/qrImg/qr_img_25.png', 'Data/qrImg/qr_img_26.png', 'Data/qrImg/qr_img_27.png', 'Data/qrImg/qr_img_28.png', 'Data/qrImg/qr_img_29.png', 'Data/qrImg/qr_img_30.png', 'Data/qrImg/qr_img_31.png', 'Data/qrImg/qr_img_32.png', 'Data/qrImg/qr_img_33.png', 'Data/qrImg/qr_img_34.png', 'Data/qrImg/qr_img_35.png', 'Data/qrImg/qr_img_36.png', 'Data/qrImg/qr_img_37.png', 'Data/qrImg/qr_img_38.png', 'Data/qrImg/qr_img_39.png', 'Data/qrImg/qr_img_40.png', 'Data/qrImg/qr_img_41.png', 'Data/qrImg/qr_img_42.png', 'Data/qrImg/qr_img_43.png', 'Data/qrImg/qr_img_44.png', 'Data/qrImg/qr_img_45.png', 'Data/qrImg/qr_img_46.png', 'Data/qrImg/qr_img_47.png', 'Data/qrImg/qr_img_48.png', 'Data/qrImg/qr_img_49.png', 'Data/qrImg/qr_img_50.png', 'Data/qrImg/qr_img_51.png', 'Data/qrImg/qr_img_52.png', 'Data/qrImg/qr_img_53.png', 'Data/qrImg/qr_img_54.png', 'Data/qrImg/qr_img_55.png', 'Data/qrImg/qr_img_56.png', 'Data/qrImg/qr_img_57.png', 'Data/qrImg/qr_img_58.png', 'Data/qrImg/qr_img_59.png', 'Data/qrImg/qr_img_60.png', 'Data/qrImg/qr_img_61.png', 'Data/qrImg/qr_img_62.png', 'Data/qrImg/qr_img_63.png', 'Data/qrImg/qr_img_64.png', 'Data/qrImg/qr_img_65.png', 'Data/qrImg/qr_img_66.png', 'Data/qrImg/qr_img_67.png', 'Data/qrImg/qr_img_68.png', 'Data/qrImg/qr_img_69.png', 'Data/qrImg/qr_img_70.png', 'Data/qrImg/qr_img_71.png', 'Data/qrImg/qr_img_72.png', 'Data/qrImg/qr_img_73.png', 'Data/qrImg/qr_img_74.png', 'Data/qrImg/qr_img_75.png', 'Data/qrImg/qr_img_76.png', 'Data/qrImg/qr_img_77.png', 'Data/qrImg/qr_img_78.png', 'Data/qrImg/qr_img_79.png', 'Data/qrImg/qr_img_80.png', 'Data/qrImg/qr_img_81.png', 'Data/qrImg/qr_img_82.png', 'Data/qrImg/qr_img_83.png', 'Data/qrImg/qr_img_84.png', 'Data/qrImg/qr_img_85.png', 'Data/qrImg/qr_img_86.png', 'Data/qrImg/qr_img_87.png', 'Data/qrImg/qr_img_88.png', 'Data/qrImg/qr_img_89.png', 'Data/qrImg/qr_img_90.png', 'Data/qrImg/qr_img_91.png', 'Data/qrImg/qr_img_92.png', 'Data/qrImg/qr_img_93.png', 'Data/qrImg/qr_img_94.png', 'Data/qrImg/qr_img_95.png', 'Data/qrImg/qr_img_96.png', 'Data/qrImg/qr_img_97.png', 'Data/qrImg/qr_img_98.png', 'Data/qrImg/qr_img_99.png', 'Data/qrImg/qr_img_100.png', 'Data/qrImg/qr_img_101.png', 'Data/qrImg/qr_img_102.png', 'Data/qrImg/qr_img_103.png', 'Data/qrImg/qr_img_104.png', 'Data/qrImg/qr_img_105.png', 'Data/qrImg/qr_img_106.png', 'Data/qrImg/qr_img_107.png', 'Data/qrImg/qr_img_108.png', 'Data/qrImg/qr_img_109.png', 'Data/qrImg/qr_img_110.png', 'Data/qrImg/qr_img_111.png', 'Data/qrImg/qr_img_112.png', 'Data/qrImg/qr_img_113.png', 'Data/qrImg/qr_img_114.png', 'Data/qrImg/qr_img_115.png', 'Data/qrImg/qr_img_116.png', 'Data/qrImg/qr_img_117.png', 'Data/qrImg/qr_img_118.png', 'Data/qrImg/qr_img_119.png', 'Data/qrImg/qr_img_120.png', 'Data/qrImg/qr_img_121.png', 'Data/qrImg/qr_img_122.png', 'Data/qrImg/qr_img_123.png', 'Data/qrImg/qr_img_124.png', 'Data/qrImg/qr_img_125.png', 'Data/qrImg/qr_img_126.png', 'Data/qrImg/qr_img_127.png', 'Data/qrImg/qr_img_128.png', 'Data/qrImg/qr_img_129.png', 'Data/qrImg/qr_img_130.png', 'Data/qrImg/qr_img_131.png', 'Data/qrImg/qr_img_132.png', 'Data/qrImg/qr_img_133.png', 'Data/qrImg/qr_img_134.png', 'Data/qrImg/qr_img_135.png', 'Data/qrImg/qr_img_136.png', 'Data/qrImg/qr_img_137.png', 'Data/qrImg/qr_img_138.png', 'Data/qrImg/qr_img_139.png', 'Data/qrImg/qr_img_140.png', 'Data/qrImg/qr_img_141.png', 'Data/qrImg/qr_img_142.png', 'Data/qrImg/qr_img_143.png', 'Data/qrImg/qr_img_144.png', 'Data/qrImg/qr_img_145.png', 'Data/qrImg/qr_img_146.png', 'Data/qrImg/qr_img_147.png', 'Data/qrImg/qr_img_148.png', 'Data/qrImg/qr_img_149.png', 'Data/qrImg/qr_img_150.png', 'Data/qrImg/qr_img_151.png', 'Data/qrImg/qr_img_152.png', 'Data/qrImg/qr_img_153.png', 'Data/qrImg/qr_img_154.png', 'Data/qrImg/qr_img_155.png', 'Data/qrImg/qr_img_156.png', 'Data/qrImg/qr_img_157.png', 'Data/qrImg/qr_img_158.png', 'Data/qrImg/qr_img_159.png', 'Data/qrImg/qr_img_160.png', 'Data/qrImg/qr_img_161.png', 'Data/qrImg/qr_img_162.png', 'Data/qrImg/qr_img_163.png', 'Data/qrImg/qr_img_164.png', 'Data/qrImg/qr_img_165.png', 'Data/qrImg/qr_img_166.png', 'Data/qrImg/qr_img_167.png', 'Data/qrImg/qr_img_168.png', 'Data/qrImg/qr_img_169.png', 'Data/qrImg/qr_img_170.png', 'Data/qrImg/qr_img_171.png', 'Data/qrImg/qr_img_172.png', 'Data/qrImg/qr_img_173.png', 'Data/qrImg/qr_img_174.png', 'Data/qrImg/qr_img_175.png', 'Data/qrImg/qr_img_176.png', 'Data/qrImg/qr_img_177.png', 'Data/qrImg/qr_img_178.png', 'Data/qrImg/qr_img_179.png', 'Data/qrImg/qr_img_180.png', 'Data/qrImg/qr_img_181.png', 'Data/qrImg/qr_img_182.png', 'Data/qrImg/qr_img_183.png', 'Data/qrImg/qr_img_184.png', 'Data/qrImg/qr_img_185.png', 'Data/qrImg/qr_img_186.png', 'Data/qrImg/qr_img_187.png', 'Data/qrImg/qr_img_188.png', 'Data/qrImg/qr_img_189.png', 'Data/qrImg/qr_img_190.png', 'Data/qrImg/qr_img_191.png', 'Data/qrImg/qr_img_192.png', 'Data/qrImg/qr_img_193.png', 'Data/qrImg/qr_img_194.png', 'Data/qrImg/qr_img_195.png', 'Data/qrImg/qr_img_196.png', 'Data/qrImg/qr_img_197.png', 'Data/qrImg/qr_img_198.png', 'Data/qrImg/qr_img_199.png', 'Data/qrImg/qr_img_200.png', 'Data/qrImg/qr_img_201.png', 'Data/qrImg/qr_img_202.png', 'Data/qrImg/qr_img_203.png', 'Data/qrImg/qr_img_204.png', 'Data/qrImg/qr_img_205.png', 'Data/qrImg/qr_img_206.png', 'Data/qrImg/qr_img_207.png', 'Data/qrImg/qr_img_208.png', 'Data/qrImg/qr_img_209.png', 'Data/qrImg/qr_img_210.png', 'Data/qrImg/qr_img_211.png', 'Data/qrImg/qr_img_212.png', 'Data/qrImg/qr_img_213.png', 'Data/qrImg/qr_img_214.png', 'Data/qrImg/qr_img_215.png', 'Data/qrImg/qr_img_216.png', 'Data/qrImg/qr_img_217.png', 'Data/qrImg/qr_img_218.png', 'Data/qrImg/qr_img_219.png', 'Data/qrImg/qr_img_220.png', 'Data/qrImg/qr_img_221.png', 'Data/qrImg/qr_img_222.png', 'Data/qrImg/qr_img_223.png', 'Data/qrImg/qr_img_224.png', 'Data/qrImg/qr_img_225.png', 'Data/qrImg/qr_img_226.png', 'Data/qrImg/qr_img_227.png', 'Data/qrImg/qr_img_228.png', 'Data/qrImg/qr_img_229.png', 'Data/qrImg/qr_img_230.png', 'Data/qrImg/qr_img_231.png', 'Data/qrImg/qr_img_232.png', 'Data/qrImg/qr_img_233.png', 'Data/qrImg/qr_img_234.png', 'Data/qrImg/qr_img_235.png', 'Data/qrImg/qr_img_236.png', 'Data/qrImg/qr_img_237.png', 'Data/qrImg/qr_img_238.png', 'Data/qrImg/qr_img_239.png', 'Data/qrImg/qr_img_240.png', 'Data/qrImg/qr_img_241.png', 'Data/qrImg/qr_img_242.png', 'Data/qrImg/qr_img_243.png', 'Data/qrImg/qr_img_244.png', 'Data/qrImg/qr_img_245.png', 'Data/qrImg/qr_img_246.png', 'Data/qrImg/qr_img_247.png', 'Data/qrImg/qr_img_248.png', 'Data/qrImg/qr_img_249.png', 'Data/qrImg/qr_img_250.png', 'Data/qrImg/qr_img_251.png', 'Data/qrImg/qr_img_252.png', 'Data/qrImg/qr_img_253.png', 'Data/qrImg/qr_img_254.png', 'Data/qrImg/qr_img_255.png', 'Data/qrImg/qr_img_256.png', 'Data/qrImg/qr_img_257.png', 'Data/qrImg/qr_img_258.png', 'Data/qrImg/qr_img_259.png', 'Data/qrImg/qr_img_260.png', 'Data/qrImg/qr_img_261.png', 'Data/qrImg/qr_img_262.png', 'Data/qrImg/qr_img_263.png', 'Data/qrImg/qr_img_264.png', 'Data/qrImg/qr_img_265.png', 'Data/qrImg/qr_img_266.png', 'Data/qrImg/qr_img_267.png', 'Data/qrImg/qr_img_268.png', 'Data/qrImg/qr_img_269.png', 'Data/qrImg/qr_img_270.png', 'Data/qrImg/qr_img_271.png', 'Data/qrImg/qr_img_272.png', 'Data/qrImg/qr_img_273.png', 'Data/qrImg/qr_img_274.png', 'Data/qrImg/qr_img_275.png', 'Data/qrImg/qr_img_276.png', 'Data/qrImg/qr_img_277.png', 'Data/qrImg/qr_img_278.png', 'Data/qrImg/qr_img_279.png', 'Data/qrImg/qr_img_280.png', 'Data/qrImg/qr_img_281.png', 'Data/qrImg/qr_img_282.png', 'Data/qrImg/qr_img_283.png', 'Data/qrImg/qr_img_284.png', 'Data/qrImg/qr_img_285.png', 'Data/qrImg/qr_img_286.png', 'Data/qrImg/qr_img_287.png', 'Data/qrImg/qr_img_288.png', 'Data/qrImg/qr_img_289.png', 'Data/qrImg/qr_img_290.png', 'Data/qrImg/qr_img_291.png', 'Data/qrImg/qr_img_292.png', 'Data/qrImg/qr_img_293.png', 'Data/qrImg/qr_img_294.png', 'Data/qrImg/qr_img_295.png', 'Data/qrImg/qr_img_296.png', 'Data/qrImg/qr_img_297.png', 'Data/qrImg/qr_img_298.png', 'Data/qrImg/qr_img_299.png', 'Data/qrImg/qr_img_300.png', 'Data/qrImg/qr_img_301.png', 'Data/qrImg/qr_img_302.png', 'Data/qrImg/qr_img_303.png', 'Data/qrImg/qr_img_304.png', 'Data/qrImg/qr_img_305.png', 'Data/qrImg/qr_img_306.png', 'Data/qrImg/qr_img_307.png', 'Data/qrImg/qr_img_308.png', 'Data/qrImg/qr_img_309.png', 'Data/qrImg/qr_img_310.png', 'Data/qrImg/qr_img_311.png', 'Data/qrImg/qr_img_312.png', 'Data/qrImg/qr_img_313.png', 'Data/qrImg/qr_img_314.png', 'Data/qrImg/qr_img_315.png', 'Data/qrImg/qr_img_316.png', 'Data/qrImg/qr_img_317.png', 'Data/qrImg/qr_img_318.png', 'Data/qrImg/qr_img_319.png', 'Data/qrImg/qr_img_320.png', 'Data/qrImg/qr_img_321.png', 'Data/qrImg/qr_img_322.png', 'Data/qrImg/qr_img_323.png', 'Data/qrImg/qr_img_324.png', 'Data/qrImg/qr_img_325.png', 'Data/qrImg/qr_img_326.png', 'Data/qrImg/qr_img_327.png', 'Data/qrImg/qr_img_328.png', 'Data/qrImg/qr_img_329.png', 'Data/qrImg/qr_img_330.png', 'Data/qrImg/qr_img_331.png', 'Data/qrImg/qr_img_332.png', 'Data/qrImg/qr_img_333.png', 'Data/qrImg/qr_img_334.png', 'Data/qrImg/qr_img_335.png', 'Data/qrImg/qr_img_336.png', 'Data/qrImg/qr_img_337.png', 'Data/qrImg/qr_img_338.png', 'Data/qrImg/qr_img_339.png', 'Data/qrImg/qr_img_340.png', 'Data/qrImg/qr_img_341.png', 'Data/qrImg/qr_img_342.png', 'Data/qrImg/qr_img_343.png', 'Data/qrImg/qr_img_344.png', 'Data/qrImg/qr_img_345.png', 'Data/qrImg/qr_img_346.png', 'Data/qrImg/qr_img_347.png', 'Data/qrImg/qr_img_348.png', 'Data/qrImg/qr_img_349.png', 'Data/qrImg/qr_img_350.png', 'Data/qrImg/qr_img_351.png', 'Data/qrImg/qr_img_352.png', 'Data/qrImg/qr_img_353.png', 'Data/qrImg/qr_img_354.png', 'Data/qrImg/qr_img_355.png', 'Data/qrImg/qr_img_356.png', 'Data/qrImg/qr_img_357.png', 'Data/qrImg/qr_img_358.png', 'Data/qrImg/qr_img_359.png', 'Data/qrImg/qr_img_360.png', 'Data/qrImg/qr_img_361.png', 'Data/qrImg/qr_img_362.png', 'Data/qrImg/qr_img_363.png', 'Data/qrImg/qr_img_364.png', 'Data/qrImg/qr_img_365.png', 'Data/qrImg/qr_img_366.png', 'Data/qrImg/qr_img_367.png', 'Data/qrImg/qr_img_368.png', 'Data/qrImg/qr_img_369.png', 'Data/qrImg/qr_img_370.png', 'Data/qrImg/qr_img_371.png', 'Data/qrImg/qr_img_372.png', 'Data/qrImg/qr_img_373.png', 'Data/qrImg/qr_img_374.png', 'Data/qrImg/qr_img_375.png', 'Data/qrImg/qr_img_376.png', 'Data/qrImg/qr_img_377.png', 'Data/qrImg/qr_img_378.png', 'Data/qrImg/qr_img_379.png', 'Data/qrImg/qr_img_380.png', 'Data/qrImg/qr_img_381.png', 'Data/qrImg/qr_img_382.png', 'Data/qrImg/qr_img_383.png', 'Data/qrImg/qr_img_384.png', 'Data/qrImg/qr_img_385.png', 'Data/qrImg/qr_img_386.png', 'Data/qrImg/qr_img_387.png', 'Data/qrImg/qr_img_388.png', 'Data/qrImg/qr_img_389.png', 'Data/qrImg/qr_img_390.png', 'Data/qrImg/qr_img_391.png', 'Data/qrImg/qr_img_392.png', 'Data/qrImg/qr_img_393.png', 'Data/qrImg/qr_img_394.png', 'Data/qrImg/qr_img_395.png', 'Data/qrImg/qr_img_396.png', 'Data/qrImg/qr_img_397.png', 'Data/qrImg/qr_img_398.png', 'Data/qrImg/qr_img_399.png', 'Data/qrImg/qr_img_400.png', 'Data/qrImg/qr_img_401.png', 'Data/qrImg/qr_img_402.png', 'Data/qrImg/qr_img_403.png', 'Data/qrImg/qr_img_404.png', 'Data/qrImg/qr_img_405.png', 'Data/qrImg/qr_img_406.png', 'Data/qrImg/qr_img_407.png', 'Data/qrImg/qr_img_408.png', 'Data/qrImg/qr_img_409.png', 'Data/qrImg/qr_img_410.png', 'Data/qrImg/qr_img_411.png', 'Data/qrImg/qr_img_412.png', 'Data/qrImg/qr_img_413.png', 'Data/qrImg/qr_img_414.png', 'Data/qrImg/qr_img_415.png', 'Data/qrImg/qr_img_416.png', 'Data/qrImg/qr_img_417.png', 'Data/qrImg/qr_img_418.png', 'Data/qrImg/qr_img_419.png', 'Data/qrImg/qr_img_420.png', 'Data/qrImg/qr_img_421.png', 'Data/qrImg/qr_img_422.png', 'Data/qrImg/qr_img_423.png', 'Data/qrImg/qr_img_424.png', 'Data/qrImg/qr_img_425.png', 'Data/qrImg/qr_img_426.png', 'Data/qrImg/qr_img_427.png', 'Data/qrImg/qr_img_428.png', 'Data/qrImg/qr_img_429.png', 'Data/qrImg/qr_img_430.png', 'Data/qrImg/qr_img_431.png', 'Data/qrImg/qr_img_432.png', 'Data/qrImg/qr_img_433.png', 'Data/qrImg/qr_img_434.png', 'Data/qrImg/qr_img_435.png', 'Data/qrImg/qr_img_436.png', 'Data/qrImg/qr_img_437.png', 'Data/qrImg/qr_img_438.png', 'Data/qrImg/qr_img_439.png', 'Data/qrImg/qr_img_440.png', 'Data/qrImg/qr_img_441.png', 'Data/qrImg/qr_img_442.png', 'Data/qrImg/qr_img_443.png', 'Data/qrImg/qr_img_444.png', 'Data/qrImg/qr_img_445.png', 'Data/qrImg/qr_img_446.png', 'Data/qrImg/qr_img_447.png', 'Data/qrImg/qr_img_448.png', 'Data/qrImg/qr_img_449.png', 'Data/qrImg/qr_img_450.png', 'Data/qrImg/qr_img_451.png', 'Data/qrImg/qr_img_452.png', 'Data/qrImg/qr_img_453.png', 'Data/qrImg/qr_img_454.png', 'Data/qrImg/qr_img_455.png', 'Data/qrImg/qr_img_456.png', 'Data/qrImg/qr_img_457.png', 'Data/qrImg/qr_img_458.png', 'Data/qrImg/qr_img_459.png', 'Data/qrImg/qr_img_460.png', 'Data/qrImg/qr_img_461.png', 'Data/qrImg/qr_img_462.png', 'Data/qrImg/qr_img_463.png', 'Data/qrImg/qr_img_464.png', 'Data/qrImg/qr_img_465.png', 'Data/qrImg/qr_img_466.png', 'Data/qrImg/qr_img_467.png', 'Data/qrImg/qr_img_468.png', 'Data/qrImg/qr_img_469.png', 'Data/qrImg/qr_img_470.png', 'Data/qrImg/qr_img_471.png', 'Data/qrImg/qr_img_472.png', 'Data/qrImg/qr_img_473.png', 'Data/qrImg/qr_img_474.png', 'Data/qrImg/qr_img_475.png', 'Data/qrImg/qr_img_476.png', 'Data/qrImg/qr_img_477.png', 'Data/qrImg/qr_img_478.png', 'Data/qrImg/qr_img_479.png', 'Data/qrImg/qr_img_480.png', 'Data/qrImg/qr_img_481.png', 'Data/qrImg/qr_img_482.png', 'Data/qrImg/qr_img_483.png', 'Data/qrImg/qr_img_484.png', 'Data/qrImg/qr_img_485.png', 'Data/qrImg/qr_img_486.png', 'Data/qrImg/qr_img_487.png', 'Data/qrImg/qr_img_488.png', 'Data/qrImg/qr_img_489.png', 'Data/qrImg/qr_img_490.png', 'Data/qrImg/qr_img_491.png', 'Data/qrImg/qr_img_492.png', 'Data/qrImg/qr_img_493.png', 'Data/qrImg/qr_img_494.png', 'Data/qrImg/qr_img_495.png', 'Data/qrImg/qr_img_496.png', 'Data/qrImg/qr_img_497.png', 'Data/qrImg/qr_img_498.png', 'Data/qrImg/qr_img_499.png']","['625l17715l', '1ujds', 'kLOaphlrQJ', 'Q687SE89f', 't32RREdGPCVZ', 'dyOOvdp57ShR', 'OK', 'u4106Lj', 'wJD3d38p6ckz4C6', '4Pf0', '4', '4170', 'f666QRb64bw7H58u', 'Fkolo8D1I6q73Z', '659', 'fB5O33379192g8', 'T628', 'b4Y6qGS2m7k8n71s', 'M588460190B', 'FXHv9Jj691197Oz30', '069', 'VBwB14txpm8', 'hVsJKepQ', 'yJGN', '0KgP05JKV6', 'rnzl3gHdk4b3v', 'F182R4', 'Tm049Ga5Hx', 'H1X6sBp660bof6', '5Gg2jq7', 'SX60jiB1TEY1354H', 'Lt6jli', '6G81Wi2q7So', '9n09Uegt5RAM1X0l', '0Sq94Hx', 'wfFnw4j', 'd2tCFaM595nzd', '0M301', 'O41I0SyK', 'ujcxMqWaO', '16664wU47n851', '1Wp97Kk7Z306HMJYB', '78Ubc0Bdc2199yi9', 'OGngGKt2', '5733A', '4E79232q82', 'j4X116vOkM86N10v86', 'Sj63tQS', 'Y0A0lG18NXC51Tx4', 'zR9Ly84qM5E545Q2V9', 'Vo', '82291f95', 'YzqI63DO4I4', '68jc80WM9b', '788A0RQ06L26', 'nlMH50aJ', '731987883', 'e4yV6L3BUP8v', 'RWIcFrjjgr1', '3654872639', 'Lj', 'i0yZA3hXw8W6la', 'uv7wC957ZM57f8gvQ', 'WlNDArQD', 'M8VzpZL1b63BW', 'cw6jj', '9761957', '780', 'E17F80f75lIis5D33R', 'IMFhV11p14A63', '4125V0N1a6383', '9SLD6mL135H06159', 'dC9d90gg', 'L60j2207529h6hq', '2L636je5FgT36', '608yK42Z0r861N', 'ylqvW6UM', '16633', '1720213', 'H4XgF', 'P4T1l59JDW9RJF', 'Q41i99t1t138', 'ij', 'Utzlj', '9007737550', '3I2Y', '74M8h4kg31bn8H', 'vO5X5Fhy60Mv70l', '9anq6eSAk', '4b27i30u5U7mP83', 'H543X92k20549', '7mx53', '730', 'ijdZBUWN', 'kMSx8r25G0sj6a8', 'w19ib4J9u4uPa', 'VFRcv', 'Xj92sc1UfEO7m', 'cstWrfk', 'OnHNsn', 'z4X0624IB7D267', 'WCFXc118c2i', '8J4g230400aJ2x', '62UFS46O9pvW2', 'Q7O', '1884jN041yq3bT5fu', 'cx25e56tOPQa', '9102186', 'D3BXCT6GF51Wz', '4F5h5', 'Bl6gl8pn', '0208oH9874', '4A124u0319V', '85Cd30s136h885', '49Q40MbS', '4bF605C204', '3780TR9U6weHu7C', 'j8Y101V9w', 'OZx6hj8N', 'H9sDKU7FD0C086RJ09', '7Z29a391TN27l5zp5h', '54579V02053', 'EV', 'lDi6BkyDB8', 'pmvLO', 'mWnxWFJTZH', 'k9oOx8C26', '7iSw028129B1', 'OF3lz104482579', '5z6l2nOa43zDpNU', '2LGe729j87934u4', 'qcN5mHlRsEl', 'RE87Y', '57378459', '891d2379zP0X2a', 'LL8AS49aP1fpF43x', '7992375x7e0f3Q', '7Nle801zw5ApB3', '0R67305', '170208621Y', 'VFybw', '13331', '6C730E746170', '282T', '0', '0wAOUiX03YW', 't23s6viSy2x868684', '48nW6o0k00q9iVWo', 'MQnFHWpHZ', '179', 'c4QKs', 'bsLAu', '1p5c6kH052t5dk4', 'O4SW', 'F463H6DZC1Z9995I', '5604e4t54p', 'Z25j5762q29Q41E', 'KiHhKheBmM', '654oHoq8dD', 'M08826Nzg23', 'm06zL78A01rA05', '', '0T18s061wdj', '8K04hAW6OSpy6Z', '3040841', '4Q3369a5m44', 'J5UeM', 'd9Vs44C3ev87p7', '7T09273UM646E', 'o5f1u7iwH977159iIpw1', 'uEk6', '115546c151f6', 'P343', '13I46967V7E7', 'LAT8f51K4qm5201S', 'Ty5p4V546p7sc', '6l9864', 'ou14Dhk2t3A01m0', 'wEm2do9hEmp', 'o6Ebuur04s', '0W59B42ka82X7', 'YqrUVz524gI3', 'X1TH2Y5JCK', 'j0GYyyQjSAv', '66o848j', 'v67DqL35567', '2lMT66i1708p4', '96A6o2043r01Y', 'hJe32i', '396557q692Ls0', '39776zG83A650', 'ug944m18965', '601', '6Z04L7ZJ2YnG', '2C', '131', '5Jgag62N2649P', '547092', '41c4410', 'M0q023Jl6XkUF5u626', '7Rl2X7oy', 'o6DAxvF24t2N74', '5coD7jH9644e5P', 'O98W22C4P2777F7tx', 'cbA', 'k694bM53m677', 'a05YS1F', '6P147p4jg57Q4', '9V457243c9C86', 'CR8S9q80K52n3F9', '05MFNM0na0f30U4QH', '8a3V106868', '51TO7DvI0', '1kHRXW87W', '78A00984YU', 'O51zh6p', '8tX', '84jb1q68x973', '53xg', 'OSP54XxFiHD3M', 'c63R1', 'BM17jx2Do3oXqe', '31W839r9a5', 't2m3T087AQw', 'zv8nq2VJY0ym', 'e5h6iKfKVu', 'Y7', '77716', '533Lp5qT08l782pQ', '109', '4986', 'EvuSfzenx', 'oIGqWT8CVM', '321y5', 'kRTlKs', '02716431eDb', 'tuUUwyMn', 'Crr6Q6M5IVs6M4H', 'Ux3EO9i7TX530l', 'I9M740gOB9797e24', 'TW3JUhF1103FZi', '500A8L7v9r9', '399R7yK3760', 'b8aHJst9VD628U', 'xj4q1vw6C8', 'zjiWhs7', '9hu21LnEevZ', 'J272V1HL0v3sMa8', 'NrI8H0wn43b624d5t48', 'gIWn1hW9FH24or2', '74Z7652297X', '14247LL7RWiEi8V1O', 'H6VYW9DkQzy8', '7bWPB0N8216Xtg8zD', 'OU5it2ib6Gu', '8265', '71895m1', 'Mi', '47a86418t332N', '46vp634v3Y', 'qTMDjAPZE', '9S04fR91Z8le310', '8', 'd56C5HsJ', 'N24Brm8p1pGi6', '34rK748A5', '7q9R9K0i24m60J07', '8268D2', 'MYKCRxS', 'V6KYTexg', '187063865', 'nrxT5x4', 'UEtAh', 'n3w2wQrph', 'i3PMwZ', '92J408l71920', 'NEPpGmT', '2I3o70o2733', '192330k083', '151BN', '4n06658', '0TrXRL53504', 'KR', 'x82WX0C7I2q', '85007', 'K0Tg695', 'Iv3ojaQ9WbGY', '6oyLj2u42jYuQ', 'zORHA7HZFLd', '86b3Y6514', '5LRtBz4', 'V205VJ2X859lh5s39', '2HB058802zrc', 'vbO3895M7', 'GgZOI', 'Ust61762', '3Fk71mp', 'QGVCER4088keqL2', '07uAh3vX7QLR5', '02H1S893S74Pr85qn', '85B9418', '3Ecv0', '5TOEw', '86039nv19ww758KQ', '124A', 'F592r3qE8d', '55m09V7', 'DC6L73', '18Q3108V57', 'DLy6DQOV242C', 'pTW19259A03587', 'AM368088c48', '61574086r', '50', '', '0218779', 'mc33dM083022H2O3R', '5PZ2O6', '3G', '8H4z56Yq1MmX68Du0T5', 'DU86h6D856W11b', '0Q0X27202o0', 'oKbxnL9', 'pZropC83Tj', 'zYZgg', 'FecKVwaD5T', 'jF6C6h76HL7O5', 'G361ET1b5G96vvd2K9', 'p5d30zx4155C5', 'ny4tiJ', 'CK48Eeg2633tc9', '338960A8h', 'hngK8784zE0R79DG', 'yZ61e5h7TF32', 'N3avhFO7d40C268v', 'M', '', '732882433', '413', '06594198v', 'IWxj9pXWb', '7S1eti76gVM04', '376y22I5u5r0o66', 'U3W63r2', '186GkE08N2j4', 'r1v2AvY', '5xSQE2HhXGH', 'YTdCOr231W', 'Lrne', 'ML587K144147', '9yO5EP3XB3p', 's7MOy68470v', 'dmg6U3rplY', 'UiSHLTDYa', 'ky0s244fjR3', 'GPJ63Wtv6oK', 'BgSKr63h3YWoG', 'i843v4616fr8', '3944667', 'CF3Q4O4L0', '84Ev', '0K797h4zuho', '916096', '0dx', '26qz53o3U3r84', '9vtzuX1uI89zJ', '0V125604B', 'u881663445', 'LHXMTJ6Bx8', '1', '2g7g183gP432C6W', 'N13b1X502i040', '8nifS5', 'oA54f5v29b', '63365768', '4oz', 'to8359LSz0Jm8', 'v082631VT3', '6149p4576', 'o92373980', '419798p055', 'I3725B3alicLVO76O', 'x85Fe21KW87', 'XuZk', '5089253188', '6C05GLVlf94h7F01aq8', '7t01ss2Ffa5i8M88CS', '7S553423', 'fXOqrw', 'l4xP7iS5vD180Eg0o', '820743', 'Ly2dg5z68647', 'xUyCn3', '6Azc', 'QMdED79676', 'ZWbN1', '293172309', '78Gdd1t9N9a81', '132810', 'pdRc3c52', 'b6Al6716VOT9ZkN724', 'F3hi3v3xA3OK2', '8', 'lM19YF', 'et', '7y9dJm3JdMC', '58A8640', '17l817A7NW9t2Rxa0', '0D54020A003yr', '181t655SdxMMV9xRe4', 'JfH2M5G63uDEx8', '7ZW65LbedI', '845JSwOT7979dx', 'Bm49BY0', 'mkMZpOg', 'q380185LNC5429x', 'V888622707F', '75XNnPBO3', 'wT9d7AB48379397', '36dfHc2z', '0QLeQU3RVv1nE4', 'PykmK6d927m', 'tBnMpr92dY5FO', 's3l599q1Px9757', 'Lu6Oj4Y50z20Qi44L', '1x', 'JTZjap', '2599742241', '3ob040O3', 'bgCb2VG7xq3V', '75L19s6ir576', 'M0w9Qf', 'u7bC2aKXDG8Fs', 'M8WJF73z7S', '4873n13w8kc', '4h180jZ2Lm29', '910S329', '298O1963YL5VK7Gx', '19pd31511', '6', '9', 'xeRjcOT4n0', '7X6915jBY3u', '36167T3', '1o2071b72', '5z6VBTd', 'UkIi9Cx12D75ymw', 'Mq1q72P32239p1', '538Le3j445ZMqZ', '43841j83', 'b8xr4P5Hi', 'F84L5eI5s4NS70B138', 'fVA6R59A51X8b', '5YNJYI6', 'WTpqNm6Q', '8648O60Qx99Yg2r', 'QvY1jBoZ1qXW', '71f44r1W96qf707', '82161l0pf0r7CJ4', 'rI9eB7cLZ6V', 'p7o0z', '061mP3', '4V7IO0q2OPOJu4I', '', '39r0kRvla6', '59FX528862qA2', '47Ysj', 'NYrE4z8', 'A0cd2i9evx50k8U', 'PX7eQektf', 'CZJQKIFe', '8927', '4ew1tYZm534xEx', 'w03k62ls5KX3', 'l25P09c967E59F4', '3Nb53u0Uo7L640t0r3', '176h312M358', 'vC7b', 'IMp466IKDsjtb', 'k3Y4', 'ZAta7XuKBr', '1199Q83oi463H5', '7qO6Vi9Rb48LjJ8', 'G91443Vv', 'sceD54U', '9rdKr4lZ56AV1i2K', 'i491bb0aL8L41kS5H', '5', 'x9pt', '02789', 'Kj0559X4EE4bn', '56WrC7x58757', 'yBSKVSrl', '7l48o15JGA', 'h7i', '', 'vIikzh', 'oB121F544gJM58EGJe', '6kVJJKB', '8065803']","['QRcode', 'QRcode', 'QRcode', 'QRcode', 'QRcode', 'QRcode', 'QRcode', 'QRcode', 'QRcode', 'QRcode', 'QRcode', 'QRcode', 'QRcode', 'QRcode', 'QRcode', 'QRcode', 'QRcode', 'QRcode', 'QRcode', 'QRcode', 'QRcode', 'QRcode', 'QRcode', 'QRcode', 'QRcode', 'QRcode', 'QRcode', 'QRcode', 'QRcode', 'QRcode', 'QRcode', 'QRcode', 'QRcode', 'QRcode', 'QRcode', 'QRcode', 'QRcode', 'QRcode', 'QRcode', 'QRcode', 'QRcode', 'QRcode', 'QRcode', 'QRcode', 'QRcode', 'QRcode', 'QRcode', 'QRcode', 'QRcode', 'QRcode', 'QRcode', 'QRcode', 'QRcode', 'QRcode', 'QRcode', 'QRcode', 'QRcode', 'QRcode', 'QRcode', 'QRcode', 'QRcode', 'QRcode', 'QRcode', 'QRcode', 'QRcode', 'QRcode', 'QRcode', 'QRcode', 'QRcode', 'QRcode', 'QRcode', 'QRcode', 'QRcode', 'QRcode', 'QRcode', 'QRcode', 'QRcode', 'QRcode', 'QRcode', 'QRcode', 'QRcode', 'QRcode', 'QRcode', 'QRcode', 'QRcode', 'QRcode', 'QRcode', 'QRcode', 'QRcode', 'QRcode', 'QRcode', 'QRcode', 'QRcode', 'QRcode', 'QRcode', 'QRcode', 'QRcode', 'QRcode', 'QRcode', 'QRcode', 'QRcode', 'QRcode', 'QRcode', 'QRcode', 'QRcode', 'QRcode', 'QRcode', 'QRcode', 'QRcode', 'QRcode', 'QRcode', 'QRcode', 'QRcode', 'QRcode', 'QRcode', 'QRcode', 'QRcode', 'QRcode', 'QRcode', 'QRcode', 'QRcode', 'QRcode', 'QRcode', 'QRcode', 'QRcode', 'QRcode', 'QRcode', 'QRcode', 'QRcode', 'QRcode', 'QRcode', 'QRcode', 'QRcode', 'QRcode', 'QRcode', 'QRcode', 'QRcode', 'QRcode', 'QRcode', 'QRcode', 'QRcode', 'QRcode', 'QRcode', 'QRcode', 'QRcode', 'QRcode', 'QRcode', 'QRcode', 'QRcode', 'QRcode', 'QRcode', 'QRcode', 'QRcode', 'QRcode', 'QRcode', 'QRcode', 'QRcode', 'QRcode', 'QRcode', 'QRcode', 'QRcode', 'QRcode', 'QRcode', 'QRcode', 'QRcode', 'QRcode', 'QRcode', 'QRcode', 'QRcode', 'QRcode', 'QRcode', 'QRcode', 'QRcode', 'QRcode', 'QRcode', 'QRcode', 'QRcode', 'QRcode', 'QRcode', 'QRcode', 'QRcode', 'QRcode', 'QRcode', 'QRcode', 'QRcode', 'QRcode', 'QRcode', 'QRcode', 'QRcode', 'QRcode', 'QRcode', 'QRcode', 'QRcode', 'QRcode', 'QRcode', 'QRcode', 'QRcode', 'QRcode', 'QRcode', 'QRcode', 'QRcode', 'QRcode', 'QRcode', 'QRcode', 'QRcode', 'QRcode', 'QRcode', 'QRcode', 'QRcode', 'QRcode', 'QRcode', 'QRcode', 'QRcode', 'QRcode', 'QRcode', 'QRcode', 'QRcode', 'QRcode', 'QRcode', 'QRcode', 'QRcode', 'QRcode', 'QRcode', 'QRcode', 'QRcode', 'QRcode', 'QRcode', 'QRcode', 'QRcode', 'QRcode', 'QRcode', 'QRcode', 'QRcode', 'QRcode', 'QRcode', 'QRcode', 'QRcode', 'QRcode', 'QRcode', 'QRcode', 'QRcode', 'QRcode', 'QRcode', 'QRcode', 'QRcode', 'QRcode', 'QRcode', 'QRcode', 'QRcode', 'QRcode', 'QRcode', 'QRcode', 'QRcode', 'QRcode', 'QRcode', 'QRcode', 'QRcode', 'QRcode', 'QRcode', 'QRcode', 'QRcode', 'QRcode', 'QRcode', 'QRcode', 'QRcode', 'QRcode', 'QRcode', 'QRcode', 'QRcode', 'QRcode', 'QRcode', 'QRcode', 'QRcode', 'QRcode', 'QRcode', 'QRcode', 'QRcode', 'QRcode', 'QRcode', 'QRcode', 'QRcode', 'QRcode', 'QRcode', 'QRcode', 'QRcode', 'QRcode', 'QRcode', 'QRcode', 'QRcode', 'QRcode', 'QRcode', 'QRcode', 'QRcode', 'QRcode', 'QRcode', 'QRcode', 'QRcode', 'QRcode', 'QRcode', 'QRcode', 'QRcode', 'QRcode', 'QRcode', 'QRcode', 'QRcode', 'QRcode', 'QRcode', 'QRcode', 'QRcode', 'QRcode', 'QRcode', 'QRcode', 'QRcode', 'QRcode', 'QRcode', 'QRcode', 'QRcode', 'QRcode', 'QRcode', 'QRcode', 'QRcode', 'QRcode', 'QRcode', 'QRcode', 'QRcode', 'QRcode', 'QRcode', 'QRcode', 'QRcode', 'QRcode', 'QRcode', 'QRcode', 'QRcode', 'QRcode', 'QRcode', 'QRcode', 'QRcode', 'QRcode', 'QRcode', 'QRcode', 'QRcode', 'QRcode', 'QRcode', 'QRcode', 'QRcode', 'QRcode', 'QRcode', 'QRcode', 'QRcode', 'QRcode', 'QRcode', 'QRcode', 'QRcode', 'QRcode', 'QRcode', 'QRcode', 'QRcode', 'QRcode', 'QRcode', 'QRcode', 'QRcode', 'QRcode', 'QRcode', 'QRcode', 'QRcode', 'QRcode', 'QRcode', 'QRcode', 'QRcode', 'QRcode', 'QRcode', 'QRcode', 'QRcode', 'QRcode', 'QRcode', 'QRcode', 'QRcode', 'QRcode', 'QRcode', 'QRcode', 'QRcode', 'QRcode', 'QRcode', 'QRcode', 'QRcode', 'QRcode', 'QRcode', 'QRcode', 'QRcode', 'QRcode', 'QRcode', 'QRcode', 'QRcode', 'QRcode', 'QRcode', 'QRcode', 'QRcode', 'QRcode', 'QRcode', 'QRcode', 'QRcode', 'QRcode', 'QRcode', 'QRcode', 'QRcode', 'QRcode', 'QRcode', 'QRcode', 'QRcode', 'QRcode', 'QRcode', 'QRcode', 'QRcode', 'QRcode', 'QRcode', 'QRcode', 'QRcode', 'QRcode', 'QRcode', 'QRcode', 'QRcode', 'QRcode', 'QRcode', 'QRcode', 'QRcode', 'QRcode', 'QRcode', 'QRcode', 'QRcode', 'QRcode', 'QRcode', 'QRcode', 'QRcode', 'QRcode', 'QRcode', 'QRcode', 'QRcode', 'QRcode', 'QRcode', 'QRcode', 'QRcode', 'QRcode', 'QRcode', 'QRcode', 'QRcode', 'QRcode', 'QRcode', 'QRcode', 'QRcode', 'QRcode', 'QRcode', 'QRcode', 'QRcode', 'QRcode', 'QRcode', 'QRcode', 'QRcode', 'QRcode', 'QRcode', 'QRcode', 'QRcode', 'QRcode', 'QRcode', 'QRcode', 'QRcode', 'QRcode', 'QRcode', 'QRcode', 'QRcode', 'QRcode', 'QRcode', 'QRcode', 'QRcode', 'QRcode', 'QRcode', 'QRcode', 'QRcode', 'QRcode', 'QRcode', 'QRcode', 'QRcode', 'QRcode', 'QRcode', 'QRcode', 'QRcode', 'QRcode', 'QRcode', 'QRcode', 'QRcode', 'QRcode', 'QRcode', 'QRcode', 'QRcode', 'QRcode', 'QRcode', 'QRcode', 'QRcode', 'QRcode', 'QRcode', 'QRcode']"
